{"train/loss": 5.2461, "train/grad_norm": 0.8567919135093689, "train/learning_rate": 1.25e-05, "train/epoch": 40.0, "train/global_step": 160, "_timestamp": 1746421292.766132, "_runtime": 1166.8900032043457, "_step": 27, "train/discrepancy_loss": 2.421875, "train_runtime": 1145.2877, "train_samples_per_second": 8.906, "train_steps_per_second": 0.14, "total_flos": 2.2812437815943496e+18, "train_loss": 6.217928695678711, "_wandb": {"runtime": 1169}}